MacroTrends Data Download,,
S&amp;P 500 Index - 90 Year Historical Chart,,
Note: Real datasets are adjusted for inflation using the headline Consumer Price Index (CPI) with the current month as the base.,,
,,
"Disclaimer and Terms of Use: Historical data is provided 'as is' and solely for informational purposes, not for trading purposes or advice.",,
"MacroTrends LLC expressly disclaims the accuracy, adequacy, or completeness of any data and shall not be liable for any errors, omissions or other defects in, ",,
"delays or interruptions in such data, or for any actions taken in reliance thereon.  Neither MacroTrends LLC nor any of our information providers will be liable",,
for any damages relating to your use of the data provided.,,
,,
,,
date,real,nominal
12/1/27,295.13,17.66
1/1/28,293.63,17.57
2/1/28,291.81,17.26
3/1/28,325.97,19.28
4/1/28,333.91,19.75
5/1/28,336.18,20
6/1/28,323.6,19.14
7/1/28,328.5,19.43
8/1/28,352.85,20.87
9/1/28,353.29,21.14
10/1/28,364.42,21.68
11/1/28,408.12,24.28
12/1/28,411.69,24.35
1/1/29,435.19,25.74
2/1/29,432.65,25.59
3/1/29,434.16,25.53
4/1/29,443.76,25.94
5/1/29,422.26,24.83
6/1/29,463.42,27.41
7/1/29,482.64,28.88
8/1/29,529.94,31.71
9/1/29,504.03,30.16
10/1/29,403.59,24.15
11/1/29,349.62,20.92
12/1/29,360.55,21.45
1/1/30,385.31,22.79
2/1/30,395.9,23.28
3/1/30,413.13,24.15
4/1/30,423.45,24.9
5/1/30,418.95,24.49
6/1/30,352.1,20.46
7/1/30,369.39,21.21
8/1/30,374.45,21.37
9/1/30,323.76,18.59
10/1/30,296.82,16.94
11/1/30,292.11,16.57
12/1/30,275.46,15.34
1/1/31,292.56,16.09
2/1/31,330.18,17.93
3/1/31,309.32,16.69
4/1/31,281.46,15.09
5/1/31,246.03,13.02
6/1/31,283.94,14.83
7/1/31,262.87,13.73
8/1/31,265.36,13.86
9/1/31,187.15,9.71
10/1/31,204.31,10.53
11/1/31,186.84,9.5
12/1/31,160.79,8.12
1/1/32,159.51,7.89
2/1/32,169.98,8.29
3/1/32,150.96,7.31
4/1/32,121.26,5.83
5/1/32,94.33,4.47
6/1/32,94.17,4.43
7/1/32,129.67,6.1
8/1/32,179.67,8.39
9/1/32,174.33,8.08
10/1/32,151.3,6.96
11/1/32,143.46,6.55
12/1/32,152.06,6.89
1/1/33,155.54,6.94
2/1/33,128.84,5.66
3/1/33,134.23,5.85
4/1/33,190.9,8.32
5/1/33,221.19,9.64
6/1/33,248.36,10.91
7/1/33,219.59,9.95
8/1/33,242.89,11.09
9/1/33,215.3,9.83
10/1/33,196.24,8.96
11/1/33,216.39,9.88
12/1/33,221.21,10.1
1/1/34,244.65,11.17
2/1/34,233.9,10.76
3/1/34,233.68,10.75
4/1/34,227.38,10.46
5/1/34,208.9,9.61
6/1/34,211.65,9.81
7/1/34,187.27,8.68
8/1/34,197.41,9.15
9/1/34,193.45,9.1
10/1/34,188.67,8.81
11/1/34,204.3,9.54
12/1/34,204.96,9.5
1/1/35,193.45,9.1
2/1/35,184.44,8.74
3/1/35,178.74,8.47
4/1/35,194.42,9.28
5/1/35,200.7,9.58
6/1/35,215.88,10.23
7/1/35,233.82,11.08
8/1/35,238.89,11.32
9/1/35,244.58,11.59
10/1/35,262.94,12.46
11/1/35,271.3,12.95
12/1/35,281.36,13.43
1/1/36,299.79,14.31
2/1/36,304.82,14.55
3/1/36,314.86,14.92
4/1/36,290.59,13.77
5/1/36,303.88,14.4
6/1/36,310.9,14.84
7/1/36,329.66,15.85
8/1/36,330.21,15.99
9/1/36,330.62,16.01
10/1/36,355.4,17.21
11/1/36,356.85,17.28
12/1/36,354.78,17.18
1/1/37,365.59,17.83
2/1/37,370.92,18.09
3/1/37,364.85,17.92
4/1/37,332.17,16.43
5/1/37,326.45,16.26
6/1/37,309.19,15.4
7/1/37,338.56,16.98
8/1/37,319.82,16.04
9/1/37,272.48,13.76
10/1/37,244.75,12.36
11/1/37,221.52,11.11
12/1/37,211.81,10.55
1/1/38,217.65,10.69
2/1/38,232.52,11.34
3/1/38,174.28,8.5
4/1/38,197.49,9.7
5/1/38,190.07,9.27
6/1/38,237.03,11.56
7/1/38,254.25,12.4
8/1/38,247.28,12.06
9/1/38,250.97,12.24
10/1/38,271.97,13.17
11/1/38,262.89,12.73
12/1/38,272.8,13.21
1/1/39,254.01,12.3
2/1/39,264.15,12.7
3/1/39,228.37,10.98
4/1/39,228.77,10.92
5/1/39,243.02,11.6
6/1/39,227.52,10.86
7/1/39,252.24,12.04
8/1/39,234.22,11.18
9/1/39,266.96,13.02
10/1/39,264.95,12.83
11/1/39,251.94,12.2
12/1/39,257.93,12.49
1/1/40,250.63,12.05
2/1/40,250.5,12.13
3/1/40,252.97,12.25
4/1/40,251.74,12.19
5/1/40,191.43,9.27
6/1/40,204.63,9.98
7/1/40,212.5,10.29
8/1/40,218.07,10.56
9/1/40,220.14,10.66
10/1/40,228.81,11.08
11/1/40,219.11,10.61
12/1/40,216.93,10.58
1/1/41,206.48,10.07
2/1/41,203.4,9.92
3/1/41,202.79,9.96
4/1/41,188.22,9.31
5/1/41,187.72,9.35
6/1/41,193.72,9.85
7/1/41,204.34,10.39
8/1/41,199.85,10.3
9/1/41,195.29,10.2
10/1/41,179.51,9.5
11/1/41,170.83,9.1
12/1/41,162.09,8.69
1/1/42,162.24,8.81
2/1/42,157.18,8.59
3/1/42,144.73,8.01
4/1/42,137.55,7.66
5/1/42,144.56,8.15
6/1/42,147.22,8.3
7/1/42,150.9,8.56
8/1/42,151.04,8.62
9/1/42,155.07,8.85
10/1/42,163.08,9.42
11/1/42,159.87,9.29
12/1/42,167.14,9.77
1/1/43,179.11,10.47
2/1/43,188.18,11
3/1/43,194.65,11.58
4/1/43,192.57,11.59
5/1/43,200.07,12.11
6/1/43,204.03,12.35
7/1/43,194.06,11.68
8/1/43,197.2,11.8
9/1/43,200.71,12.08
10/1/43,198.05,11.92
11/1/43,183.1,11.02
12/1/43,193.9,11.67
1/1/44,196.89,11.85
2/1/44,196.39,11.82
3/1/44,199.71,12.02
4/1/44,196.1,11.87
5/1/44,204.03,12.35
6/1/44,213.22,12.98
7/1/44,207.61,12.71
8/1/44,209.4,12.82
9/1/44,208.75,12.78
10/1/44,208.75,12.78
11/1/44,209.57,12.83
12/1/44,215.69,13.28
1/1/45,218.78,13.47
2/1/45,232.26,14.3
3/1/45,221.54,13.64
4/1/45,241.03,14.84
5/1/45,242.43,15.01
6/1/45,238.96,14.96
7/1/45,234.16,14.66
8/1/45,247.74,15.51
9/1/45,258.12,16.16
10/1/45,265.95,16.65
11/1/45,274.58,17.19
12/1/45,275.76,17.36
1/1/46,294.98,18.57
2/1/46,276.01,17.28
3/1/46,285.63,18.08
4/1/46,294.76,18.76
5/1/46,299.75,19.18
6/1/46,284.93,18.43
7/1/46,262.23,17.96
8/1/46,238.29,16.65
9/1/46,212.01,14.96
10/1/46,206.26,14.84
11/1/46,199.12,14.67
12/1/46,205.74,15.3
1/1/47,210.58,15.66
2/1/47,207.49,15.43
3/1/47,200.26,15.17
4/1/47,192.47,14.58
5/1/47,190.75,14.45
6/1/47,199.87,15.21
7/1/47,205.24,15.76
8/1/47,196.85,15.32
9/1/47,189.93,15.11
10/1/47,193.96,15.43
11/1/47,187.61,14.99
12/1/47,189.03,15.3
1/1/48,179.2,14.69
2/1/48,172.24,14
3/1/48,186.31,15.08
4/1/48,188.04,15.48
5/1/48,201.9,16.69
6/1/48,200.81,16.74
7/1/48,187.81,15.85
8/1/48,188.45,15.97
9/1/48,182.78,15.49
10/1/48,195.98,16.54
11/1/48,176.22,14.75
12/1/48,182.34,15.2
1/1/49,183.34,15.22
2/1/49,177.59,14.62
3/1/49,182.93,15.06
4/1/49,178.31,14.74
5/1/49,172.37,14.19
6/1/49,171.29,14.16
7/1/49,183.47,15.04
8/1/49,184.88,15.22
9/1/49,188.47,15.58
10/1/49,195.67,16.04
11/1/49,195.08,16.06
12/1/49,205.31,16.76
1/1/50,209.77,17.05
2/1/50,211.86,17.22
3/1/50,211.8,17.29
4/1/50,221.36,18.07
5/1/50,229.1,18.78
6/1/50,214.88,17.69
7/1/50,214.01,17.84
8/1/50,219.14,18.42
9/1/50,230.46,19.45
10/1/50,229.52,19.53
11/1/50,228.36,19.51
12/1/50,236.02,20.41
1/1/51,246.53,21.66
2/1/51,245.23,21.8
3/1/51,239.81,21.4
4/1/51,251.35,22.43
5/1/51,240.23,21.52
6/1/51,233.98,20.96
7/1/51,250.05,22.4
8/1/51,259.87,23.28
9/1/51,257.65,23.26
10/1/51,253.14,22.94
11/1/51,250.56,22.88
12/1/51,259.33,23.77
1/1/52,263.37,24.14
2/1/52,255.7,23.26
3/1/52,267.9,24.37
4/1/52,255.38,23.32
5/1/52,261.29,23.86
6/1/52,272.31,24.96
7/1/52,275.03,25.4
8/1/52,271.02,25.03
9/1/52,265.72,24.54
10/1/52,265.5,24.52
11/1/52,277.85,25.66
12/1/52,287.7,26.57
1/1/53,286.72,26.38
2/1/53,282.57,25.9
3/1/53,274.88,25.29
4/1/53,267.59,24.62
5/1/53,265.72,24.54
6/1/53,260.42,24.14
7/1/53,267,24.75
8/1/53,250.64,23.32
9/1/53,250.97,23.35
10/1/53,262.77,24.54
11/1/53,266.12,24.76
12/1/53,266.66,24.81
1/1/54,280.31,26.08
2/1/54,281.06,26.15
3/1/54,289.55,26.94
4/1/54,304.87,28.26
5/1/54,313.73,29.19
6/1/54,313.95,29.21
7/1/54,331.9,30.88
8/1/54,320.61,29.83
9/1/54,348.56,32.31
10/1/54,341.76,31.68
11/1/54,369.38,34.24
12/1/54,389.59,35.98
1/1/55,396.63,36.63
2/1/55,398.04,36.76
3/1/55,396.09,36.58
4/1/55,411.03,37.96
5/1/55,410.49,37.91
6/1/55,444.27,41.03
7/1/55,469.49,43.52
8/1/55,465.83,43.18
9/1/55,469.37,43.67
10/1/55,455.07,42.34
11/1/55,489.14,45.51
12/1/55,490.64,45.48
1/1/56,472.73,43.82
2/1/56,489.13,45.34
3/1/56,523,48.48
4/1/56,519.99,48.38
5/1/56,484,45.2
6/1/56,499.24,46.97
7/1/56,521.11,49.39
8/1/56,503.13,47.51
9/1/56,478.49,45.35
10/1/56,479.18,45.58
11/1/56,473.93,45.08
12/1/56,488.87,46.67
1/1/57,468.44,44.72
2/1/57,451.5,43.26
3/1/57,458.74,44.11
4/1/57,473.96,45.74
5/1/57,489.71,47.43
6/1/57,487.39,47.37
7/1/57,489.45,47.91
8/1/57,461.97,45.22
9/1/57,433.36,42.42
10/1/57,419.47,41.06
11/1/57,424.71,41.72
12/1/57,407.1,39.99
1/1/58,421.55,41.7
2/1/58,412.85,40.84
3/1/58,422.64,42.1
4/1/58,434.57,43.44
5/1/58,441.08,44.09
6/1/58,452.58,45.24
7/1/58,470.44,47.19
8/1/58,477.69,47.75
9/1/58,500.8,50.06
10/1/58,513.51,51.33
11/1/58,523.17,52.48
12/1/58,552.32,55.21
1/1/59,552.78,55.45
2/1/59,554.32,55.41
3/1/59,554.62,55.44
4/1/59,574.11,57.59
5/1/59,584.98,58.68
6/1/59,580.9,58.47
7/1/59,599.11,60.51
8/1/59,590.1,59.6
9/1/59,561.23,56.88
10/1/59,565.65,57.52
11/1/59,573.13,58.28
12/1/59,588.96,59.89
1/1/60,548.7,55.61
2/1/60,551.88,56.12
3/1/60,544.21,55.34
4/1/60,532.83,54.37
5/1/60,547.13,55.83
6/1/60,555.94,56.92
7/1/60,542.17,55.51
8/1/60,556.33,56.96
9/1/60,522.73,53.52
10/1/60,517.99,53.39
11/1/60,538.85,55.54
12/1/60,563.78,58.11
1/1/61,599.39,61.78
2/1/61,615.49,63.44
3/1/61,631.21,65.06
4/1/61,633.64,65.31
5/1/61,645.77,66.56
6/1/61,627.14,64.64
7/1/61,643.37,66.76
8/1/61,658.17,68.07
9/1/61,643.08,66.73
10/1/61,661.29,68.62
11/1/61,687.31,71.32
12/1/61,689.53,71.55
1/1/62,663.41,68.84
2/1/62,671.97,69.96
3/1/62,668.03,69.55
4/1/62,624.54,65.24
5/1/62,570.84,59.63
6/1/62,524.12,54.75
7/1/62,555.63,58.23
8/1/62,564.12,59.12
9/1/62,535.13,56.27
10/1/62,537.51,56.52
11/1/62,592.09,62.26
12/1/62,600.08,63.1
1/1/63,629.56,66.2
2/1/63,611.4,64.29
3/1/63,631.02,66.57
4/1/63,661.63,69.8
5/1/63,671.11,70.8
6/1/63,655.41,69.37
7/1/63,651,69.13
8/1/63,682.73,72.5
9/1/63,675.2,71.7
10/1/63,694.73,74.01
11/1/63,687.41,73.23
12/1/63,701.89,75.02
1/1/64,720.79,77.04
2/1/64,727.9,77.8
3/1/64,738.94,78.98
4/1/64,743.43,79.46
5/1/64,751.94,80.37
6/1/64,761.84,81.69
7/1/64,773.24,83.18
8/1/64,763.15,81.83
9/1/64,782.54,84.18
10/1/64,788.86,84.86
11/1/64,782.24,84.42
12/1/64,785.29,84.75
1/1/65,811.33,87.56
2/1/65,810.13,87.43
3/1/65,795.86,86.16
4/1/65,820.44,89.11
5/1/65,814.08,88.42
6/1/65,769.61,84.12
7/1/65,779.95,85.25
8/1/65,797.52,87.17
9/1/65,823.04,89.96
10/1/65,842.87,92.42
11/1/65,835.48,91.61
12/1/65,840.28,92.43
1/1/66,844.37,92.88
2/1/66,824.17,91.22
3/1/66,803.69,89.23
4/1/66,815.08,91.06
5/1/66,770.95,86.13
6/1/66,756.14,84.74
7/1/66,743.71,83.6
8/1/66,681.64,77.1
9/1/66,676.87,76.56
10/1/66,704.8,80.2
11/1/66,706.99,80.45
12/1/66,705.94,80.33
1/1/67,761.13,86.61
2/1/67,762.62,86.78
3/1/67,790.24,90.2
4/1/67,821.08,94.01
5/1/67,775.71,89.08
6/1/67,786.94,90.64
7/1/67,820.16,94.75
8/1/67,808.11,93.64
9/1/67,832.09,96.71
10/1/67,800.42,93.3
11/1/67,804.08,94
12/1/67,822.7,96.47
1/1/68,782.01,92.24
2/1/68,755.36,89.36
3/1/68,760.3,90.2
4/1/68,819.05,97.46
5/1/68,826.94,98.68
6/1/68,829.7,99.58
7/1/68,809.68,97.74
8/1/68,816.58,98.86
9/1/68,845.69,102.67
10/1/68,846.93,103.41
11/1/68,885.06,108.37
12/1/68,845.84,103.86
1/1/69,836.54,103.01
2/1/69,792.5,98.13
3/1/69,812.99,101.51
4/1/69,825.79,103.69
5/1/69,821.78,103.46
6/1/69,771.81,97.71
7/1/69,721.42,91.83
8/1/69,746.32,95.51
9/1/69,725.68,93.12
10/1/69,752.78,97.12
11/1/69,723.28,93.81
12/1/69,706.01,92.06
1/1/70,650.23,85.02
2/1/70,680.92,89.5
3/1/70,678.32,89.63
4/1/70,612.13,81.52
5/1/70,573.36,76.55
6/1/70,541.84,72.72
7/1/70,578.58,78.05
8/1/70,604.31,81.52
9/1/70,621.71,84.3
10/1/70,610.89,83.25
11/1/70,636.65,87.2
12/1/70,669.38,92.15
1/1/71,696.47,95.88
2/1/71,701.05,96.75
3/1/71,725.04,100.31
4/1/71,749.48,103.95
5/1/71,714.75,99.63
6/1/71,702.84,98.7
7/1/71,678.9,95.58
8/1/71,701.73,99.03
9/1/71,696.84,98.34
10/1/71,666.11,94.23
11/1/71,664.42,93.99
12/1/71,718.1,102.09
1/1/72,731.11,103.94
2/1/72,745.99,106.57
3/1/72,748.58,107.2
4/1/72,750.03,107.67
5/1/72,761.23,109.53
6/1/72,742.8,107.14
7/1/72,740.99,107.39
8/1/72,764.74,111.09
9/1/72,759.15,110.55
10/1/72,762.65,111.58
11/1/72,795.57,116.67
12/1/72,803.09,118.05
1/1/73,787.5,116.03
2/1/73,752.61,111.68
3/1/73,744.62,111.52
4/1/73,709.32,106.97
5/1/73,691.2,104.95
6/1/73,681.96,104.26
7/1/73,706.24,108.22
8/1/73,668.24,104.25
9/1/73,693.52,108.43
10/1/73,686.56,108.29
11/1/73,604.45,95.96
12/1/73,610.47,97.55
1/1/74,599.12,96.57
2/1/74,589.35,96.22
3/1/74,568.39,93.98
4/1/74,543.94,90.31
5/1/74,519.23,87.28
6/1/74,507.4,86
7/1/74,464.12,79.31
8/1/74,417.17,72.15
9/1/74,363.07,63.54
10/1/74,418.13,73.9
11/1/74,392.81,69.97
12/1/74,381.95,68.56
1/1/75,427.16,76.98
2/1/75,449.32,81.59
3/1/75,457.31,83.36
4/1/75,477.09,87.3
5/1/75,495.31,91.15
6/1/75,513.45,95.19
7/1/75,473.39,88.75
8/1/75,462.55,86.88
9/1/75,444.09,83.87
10/1/75,468.88,89.04
11/1/75,477,91.24
12/1/75,469.8,90.19
1/1/76,524.47,100.86
2/1/76,516.6,99.71
3/1/76,531.53,102.77
4/1/76,523.75,101.64
5/1/76,512.62,100.18
6/1/76,530.79,104.28
7/1/76,523.72,103.44
8/1/76,518.36,102.91
9/1/76,528.2,105.24
10/1/76,513.78,102.9
11/1/76,508.97,102.1
12/1/76,533.86,107.46
1/1/77,504.23,102.03
2/1/77,488.32,99.82
3/1/77,478.22,98.42
4/1/77,474.28,98.44
5/1/77,460.9,96.12
6/1/77,478.59,100.48
7/1/77,468.45,98.85
8/1/77,457.14,96.77
9/1/77,454.56,96.53
10/1/77,433.35,92.34
11/1/77,442.95,94.83
12/1/77,442.79,95.1
1/1/78,412.87,89.25
2/1/78,400.04,87.04
3/1/78,406.8,89.21
4/1/78,438.06,96.83
5/1/78,435.83,97.24
6/1/78,423.58,95.53
7/1/78,442.99,100.68
8/1/78,452.41,103.29
9/1/78,445.84,102.54
10/1/78,401.38,93.15
11/1/78,406.17,94.7
12/1/78,410.39,96.11
1/1/79,423,99.93
2/1/79,402.84,96.28
3/1/79,420.79,101.59
4/1/79,416.71,101.76
5/1/79,400.58,99.08
6/1/79,411.54,102.91
7/1/79,410.57,103.81
8/1/79,428.21,109.32
9/1/79,423.62,109.32
10/1/79,391.5,101.82
11/1/79,404.36,106.16
12/1/79,406.83,107.94
1/1/80,424.22,114.16
2/1/80,416.45,113.66
3/1/80,368.44,102.09
4/1/80,379.35,106.29
5/1/80,393.12,111.24
6/1/80,399.38,114.24
7/1/80,425.36,121.67
8/1/80,424.78,122.38
9/1/80,431.83,125.46
10/1/80,434.55,127.47
11/1/80,475.1,140.52
12/1/80,454.8,135.76
1/1/81,430.49,129.55
2/1/81,431.75,131.27
3/1/81,444.31,136
4/1/81,430.97,132.81
5/1/81,426.81,132.59
6/1/81,418.69,131.21
7/1/81,413.18,130.92
8/1/81,384.58,122.79
9/1/81,360.39,116.18
10/1/81,377.25,121.89
11/1/81,389.79,126.35
12/1/81,376.96,122.55
1/1/82,369.15,120.4
2/1/82,345.66,113.11
3/1/82,342.49,111.96
4/1/82,354.68,116.44
5/1/82,337.65,111.88
6/1/82,326.75,109.61
7/1/82,317.52,107.09
8/1/82,353.63,119.51
9/1/82,355.6,120.42
10/1/82,393.67,133.72
11/1/82,408.66,138.53
12/1/82,416.58,140.64
1/1/83,429.51,145.3
2/1/83,437.22,148.06
3/1/83,451.69,152.96
4/1/83,482.11,164.43
5/1/83,473.2,162.39
6/1/83,487.16,167.64
7/1/83,470.45,162.56
8/1/83,474.29,164.4
9/1/83,476.79,166.07
10/1/83,468.08,163.55
11/1/83,475.4,166.4
12/1/83,470.71,164.93
1/1/84,463.59,163.41
2/1/84,443.38,157.06
3/1/84,448.57,159.18
4/1/84,448.78,160.05
5/1/84,420.94,150.55
6/1/84,427.07,153.18
7/1/84,418.38,150.66
8/1/84,461.2,166.68
9/1/84,457.27,166.1
10/1/84,456.08,166.09
11/1/84,449.19,163.58
12/1/84,459.24,167.24
1/1/85,492.19,179.63
2/1/85,494.08,181.18
3/1/85,490.85,180.66
4/1/85,486.26,179.83
5/1/85,510.65,189.55
6/1/85,515.5,191.85
7/1/85,512.05,190.92
8/1/85,504.96,188.63
9/1/85,486.15,182.08
10/1/85,504.92,189.82
11/1/85,536.15,202.17
12/1/85,558.84,211.28
1/1/86,558.68,211.78
2/1/86,600.2,226.92
3/1/86,634.76,238.9
4/1/86,626.95,235.52
5/1/86,656.71,247.35
6/1/86,662.22,250.84
7/1/86,623.36,236.12
8/1/86,666.47,252.93
9/1/86,606.75,231.32
10/1/86,639.47,243.98
11/1/86,652.71,249.22
12/1/86,633.52,242.17
1/1/87,712.61,274.08
2/1/87,736.36,284.2
3/1/87,752.29,291.7
4/1/87,739.64,288.36
5/1/87,741.5,290.1
6/1/87,774.29,304
7/1/87,809.72,318.66
8/1/87,833.4,329.8
9/1/87,809.08,321.83
10/1/87,631.24,251.79
11/1/87,576.9,230.3
12/1/87,618.94,247.08
1/1/88,642.42,257.07
2/1/88,667.41,267.82
3/1/88,642.56,258.89
4/1/88,645.22,261.33
5/1/88,645.18,262.16
6/1/88,670.08,273.5
7/1/88,663.73,272.02
8/1/88,635.23,261.52
9/1/88,656.12,271.91
10/1/88,670.92,278.97
11/1/88,657.7,273.7
12/1/88,666.25,277.72
1/1/89,710.06,297.47
2/1/89,686.91,288.86
3/1/89,697.07,294.87
4/1/89,727.34,309.64
5/1/89,748.41,320.52
6/1/89,740.89,317.98
7/1/89,804.29,346.08
8/1/89,815.36,351.45
9/1/89,807.58,349.15
10/1/89,783.51,340.36
11/1/89,794.39,345.99
12/1/89,810.35,353.4
1/1/90,746.68,329.08
2/1/90,749.74,331.89
3/1/90,763.51,339.94
4/1/90,741.98,330.8
5/1/90,808.43,361.23
6/1/90,796.95,358.02
7/1/90,789.58,356.15
8/1/90,708.66,322.56
9/1/90,666.88,306.05
10/1/90,658.46,304
11/1/90,696.32,322.22
12/1/90,713.61,330.22
1/1/91,738.76,343.93
2/1/91,787.37,367.07
3/1/91,803.72,375.22
4/1/91,802.48,375.34
5/1/91,831.12,389.83
6/1/91,789.09,371.16
7/1/91,823.32,387.81
8/1/91,836.73,395.43
9/1/91,817.22,387.86
10/1/91,825.71,392.45
11/1/91,787.21,375.22
12/1/91,874.64,417.09
1/1/92,855.58,408.78
2/1/92,860.89,412.7
3/1/92,837.66,403.69
4/1/92,859.78,414.95
5/1/92,859.36,415.35
6/1/92,841.58,408.14
7/1/92,873.02,424.21
8/1/92,849.59,414.03
9/1/92,854.82,417.8
10/1/92,853.69,418.68
11/1/92,878.23,431.35
12/1/92,887.54,435.71
1/1/93,889.41,438.78
2/1/93,895.63,443.38
3/1/93,909.21,451.67
4/1/93,883.9,440.19
5/1/93,902.63,450.19
6/1/93,901.96,450.53
7/1/93,897.16,448.13
8/1/93,925.73,463.56
9/1/93,914.19,458.93
10/1/93,928.17,467.83
11/1/93,915.73,461.79
12/1/93,924.97,466.45
1/1/94,952.14,481.61
2/1/94,920.73,467.14
3/1/94,875.49,445.77
4/1/94,884.23,450.91
5/1/94,894.74,456.5
6/1/94,867.66,444.27
7/1/94,892.69,458.26
8/1/94,922.45,475.49
9/1/94,895.34,462.71
10/1/94,913.52,472.35
11/1/94,876.08,453.69
12/1/94,886.85,459.27
1/1/95,905.09,470.42
2/1/95,933.84,487.39
3/1/95,956.36,500.71
4/1/95,979.49,514.71
5/1/95,1013.46,533.4
6/1/95,1032.85,544.75
7/1/95,1065.67,562.06
8/1/95,1062.52,561.88
9/1/95,1102.78,584.41
10/1/95,1093.8,581.5
11/1/95,1139.31,605.37
12/1/95,1159.8,615.93
1/1/96,1190.63,636.02
2/1/96,1195.04,640.43
3/1/96,1198.69,645.5
4/1/96,1210.21,654.17
5/1/96,1235.2,669.12
6/1/96,1237.31,670.63
7/1/96,1178.15,639.95
8/1/96,1198.36,651.99
9/1/96,1259.19,687.33
10/1/96,1287.82,705.27
11/1/96,1380.05,757.02
12/1/96,1350.37,740.74
1/1/97,1428.45,786.16
2/1/97,1432.18,790.82
3/1/97,1368.12,757.12
4/1/97,1446.42,801.34
5/1/97,1531.99,848.28
6/1/97,1596.79,885.14
7/1/97,1718.71,954.31
8/1/97,1617.25,899.47
9/1/97,1698.47,947.28
10/1/97,1636.26,914.62
11/1/97,1710.17,955.4
12/1/97,1739.01,970.43
1/1/98,1753.72,980.28
2/1/98,1874.12,1049.34
3/1/98,1963.32,1101.75
4/1/98,1977.8,1111.75
5/1/98,1937.3,1090.82
6/1/98,2011.43,1133.84
7/1/98,1985.83,1120.67
8/1/98,1693.43,957.28
9/1/98,1797.06,1017.01
10/1/98,1936.96,1098.67
11/1/98,2051.48,1163.63
12/1/98,2168.36,1229.23
1/1/99,2252.17,1279.64
2/1/99,2176.98,1238.33
3/1/99,2253.72,1286.37
4/1/99,2323.21,1335.18
5/1/99,2265.2,1301.84
6/1/99,2388.52,1372.71
7/1/99,2304,1328.72
8/1/99,2284.31,1320.41
9/1/99,2208.83,1282.71
10/1/99,2342.88,1362.93
11/1/99,2386.15,1388.91
12/1/99,2524.17,1469.25
1/1/00,2388.71,1394.46
2/1/00,2327.01,1366.42
3/1/00,2531.1,1498.58
4/1/00,2451.7,1452.43
5/1/00,2395.13,1420.6
6/1/00,2439.36,1454.6
7/1/00,2393.78,1430.83
8/1/00,2539.08,1517.68
9/1/00,2390.35,1436.51
10/1/00,2375.66,1429.4
11/1/00,2184.13,1314.95
12/1/00,2194.31,1320.28
1/1/01,2255.28,1366.01
2/1/01,2039.7,1239.94
3/1/01,1904.1,1160.33
4/1/01,2041.62,1249.46
5/1/01,2043.22,1255.82
6/1/01,1988.39,1224.38
7/1/01,1973.09,1211.23
8/1/01,1846.6,1133.58
9/1/01,1687.36,1040.94
10/1/01,1724.26,1059.78
11/1/01,1857.3,1139.45
12/1/01,1878.26,1148.08
1/1/02,1844.49,1130.2
2/1/02,1799.54,1106.73
3/1/02,1855.33,1147.39
4/1/02,1731.69,1076.92
5/1/02,1715.96,1067.14
6/1/02,1590.64,989.82
7/1/02,1463.15,911.62
8/1/02,1465.71,916.07
9/1/02,1302,815.28
10/1/02,1412.79,885.76
11/1/02,1493.41,936.31
12/1/02,1405.95,879.82
1/1/03,1361.42,855.7
2/1/03,1328.18,841.15
3/1/03,1331.64,848.18
4/1/03,1442.32,916.92
5/1/03,1518.62,963.59
6/1/03,1533.86,974.5
7/1/03,1556.77,990.31
8/1/03,1578.54,1008.01
9/1/03,1554.71,995.97
10/1/03,1642.26,1050.71
11/1/03,1658.2,1058.2
12/1/03,1744.6,1111.92
1/1/04,1765.69,1131.13
2/1/04,1778.09,1144.94
3/1/04,1737.74,1126.21
4/1/04,1703.03,1107.3
5/1/04,1713.52,1120.68
6/1/04,1738.64,1140.84
7/1/04,1681.22,1101.72
8/1/04,1685.07,1104.24
9/1/04,1696.39,1114.58
10/1/04,1711.12,1130.2
11/1/04,1777.16,1173.82
12/1/04,1840.91,1211.92
1/1/05,1790.81,1181.27
2/1/05,1813.83,1203.6
3/1/05,1766.16,1180.59
4/1/05,1719.08,1156.85
5/1/05,1771.76,1191.5
6/1/05,1770.32,1191.33
7/1/05,1826.59,1234.18
8/1/05,1796.33,1220.33
9/1/05,1786.69,1228.81
10/1/05,1751.37,1207.01
11/1/05,1827.99,1249.48
12/1/05,1833.74,1248.29
1/1/06,1866.36,1280.08
2/1/06,1863.36,1280.66
3/1/06,1873.68,1294.87
4/1/06,1880.73,1310.61
5/1/06,1813.69,1270.09
6/1/06,1810.04,1270.2
7/1/06,1814.13,1276.66
8/1/06,1848.82,1303.82
9/1/06,1903.59,1335.85
10/1/06,1974.59,1377.94
11/1/06,2009.9,1400.63
12/1/06,2032.42,1418.3
1/1/07,2053.81,1438.24
2/1/07,1999.09,1406.82
3/1/07,2000.57,1420.86
4/1/07,2073.84,1482.37
5/1/07,2127.56,1530.62
6/1/07,2086.65,1503.35
7/1/07,2019.91,1455.27
8/1/07,2050.32,1473.99
9/1/07,2117.6,1526.75
10/1/07,2144.34,1549.38
11/1/07,2038.05,1481.14
12/1/07,2020.46,1468.36
1/1/08,1888.61,1378.55
2/1/08,1817.64,1330.63
3/1/08,1790.94,1322.7
4/1/08,1865,1385.59
5/1/08,1869.51,1400.38
6/1/08,1690.88,1280
7/1/08,1665.34,1267.38
8/1/08,1693.34,1282.83
9/1/08,1540.76,1166.36
10/1/08,1293.28,968.75
11/1/08,1219.78,896.24
12/1/08,1241.97,903.25
1/1/09,1130.63,825.88
2/1/09,1001.19,735.09
3/1/09,1084.31,797.87
4/1/09,1183.53,872.81
5/1/09,1242.68,919.14
6/1/09,1231.89,919.32
7/1/09,1326.19,987.48
8/1/09,1366.61,1020.62
9/1/09,1415.43,1057.08
10/1/09,1385.39,1036.19
11/1/09,1463.76,1095.63
12/1/09,1493.12,1115.1
1/1/10,1432.54,1073.87
2/1/10,1473.39,1104.49
3/1/10,1553,1169.43
4/1/10,1573.55,1186.69
5/1/10,1443.47,1089.41
6/1/10,1366.72,1030.71
7/1/10,1460.72,1101.6
8/1/10,1389.31,1049.33
9/1/10,1510.95,1141.2
10/1/10,1564.27,1183.26
11/1/10,1559.51,1180.55
12/1/10,1658.83,1257.64
1/1/11,1688.68,1286.12
2/1/11,1733.35,1327.22
3/1/11,1715.62,1325.83
4/1/11,1752.24,1363.61
5/1/11,1720.51,1345.2
6/1/11,1691.74,1320.64
7/1/11,1654.12,1292.28
8/1/11,1555.3,1218.89
9/1/11,1441.43,1131.42
10/1/11,1600.46,1253.3
11/1/11,1593.61,1246.96
12/1/11,1610.99,1257.6
1/1/12,1673.32,1312.41
2/1/12,1734.41,1365.68
3/1/12,1774.67,1408.47
4/1/12,1757.17,1397.91
5/1/12,1648.4,1310.33
6/1/12,1716.32,1362.16
7/1/12,1740.7,1379.32
8/1/12,1765.26,1406.58
9/1/12,1799.4,1440.67
10/1/12,1765.2,1412.16
11/1/12,1778.72,1416.18
12/1/12,1795.57,1426.19
1/1/13,1880.13,1498.11
2/1/13,1885.78,1514.68
3/1/13,1948.93,1569.19
4/1/13,1985.78,1597.57
5/1/13,2023.75,1630.74
6/1/13,1988.57,1606.28
7/1/13,2086.93,1685.73
8/1/13,2018.35,1632.97
9/1/13,2076.71,1681.55
10/1/13,2174.6,1756.54
11/1/13,2239.2,1805.81
12/1/13,2293.81,1848.36
1/1/14,2203.28,1782.59
2/1/14,2288.98,1859.45
3/1/14,2291.74,1872.34
4/1/14,2296.54,1883.95
5/1/14,2337.14,1923.57
6/1/14,2377.76,1960.23
7/1/14,2341.9,1930.67
8/1/14,2434.09,2003.37
9/1/14,2396.33,1972.29
10/1/14,2457.98,2018.05
11/1/14,2530.69,2067.56
12/1/14,2534.51,2058.9
1/1/15,2467.8,1994.99
2/1/15,2592.74,2104.5
3/1/15,2531.1,2067.89
4/1/15,2548.49,2085.51
5/1/15,2562.59,2107.39
6/1/15,2498.43,2063.11
7/1/15,2547.75,2103.84
8/1/15,2392.25,1972.18
9/1/15,2332.84,1920.03
10/1/15,2528.5,2079.36
11/1/15,2533.94,2080.41
12/1/15,2497.69,2043.94
1/1/16,2367.09,1940.24
2/1/16,2355.39,1932.23
3/1/16,2500.52,2059.74
4/1/16,2494.88,2065.3
5/1/16,2522.64,2096.96
6/1/16,2518.63,2098.86
7/1/16,2610.49,2173.6
8/1/16,2605.14,2170.95
9/1/16,2595.42,2168.27
10/1/16,2542.88,2126.15
11/1/16,2634.17,2198.81
12/1/16,2679.88,2238.83
1/1/17,2714.13,2278.87
2/1/17,2805.64,2363.64
3/1/17,2802.19,2362.72
4/1/17,2818.12,2384.2
5/1/17,2848.34,2411.8
6/1/17,2859.62,2423.41
7/1/17,2917.42,2470.3
8/1/17,2911.6,2471.65
9/1/17,2950.17,2519.36
10/1/17,3018.2,2575.26
11/1/17,3102.96,2647.58
12/1/17,3136.14,2673.61
1/1/18,3292.56,2823.81
2/1/18,3150.76,2713.83
3/1/18,3060.77,2640.87
4/1/18,3055.85,2648.05
5/1/18,3108.36,2705.27
6/1/18,3117.97,2718.37
7/1/18,3230.28,2816.29
8/1/18,3328.04,2901.52
9/1/18,3336.51,2913.98
10/1/18,3099.52,2711.74
11/1/18,3165.91,2760.17
12/1/18,2885.38,2506.85
1/1/19,3107.01,2704.1
2/1/19,3185.46,2784.49
3/1/19,3222.71,2834.4
4/1/19,3331.73,2945.83
5/1/19,3107.08,2752.06
6/1/19,3321.25,2941.76
7/1/19,3358.89,2980.38
8/1/19,3298.12,2926.46
9/1/19,3351.81,2976.74
10/1/19,3411.18,3037.56
11/1/19,3530.46,3140.98
12/1/19,3634.63,3230.78
1/1/20,3615.81,3225.52
2/1/20,3302.82,2954.22
3/1/20,2894.74,2584.59
4/1/20,3285.22,2912.43
5/1/20,3433.98,3044.31
6/1/20,3475.43,3100.29
7/1/20,3650.57,3271.12
8/1/20,3892.34,3500.31
9/1/20,3736.29,3363
10/1/20,3629.66,3269.96
11/1/20,4023.63,3621.63
12/1/20,4169.24,3756.07
1/1/21,4104.24,3714.24
2/1/21,4188.45,3811.15
3/1/21,4334.42,3972.89
4/1/21,4528.21,4181.17
5/1/21,4515.21,4204.11
6/1/21,4572.54,4297.5
7/1/21,4654.58,4395.26
8/1/21,4780.47,4522.68
9/1/21,4540.15,4307.54
10/1/21,4812.62,4605.38
11/1/21,4749.68,4567
12/1/21,4942.53,4766.18
1/1/22,4641.99,4515.55
2/1/22,4457.04,4373.94
3/1/22,4557.59,4530.41
4/1/22,4131.93,4131.93
5/1/22,4088.85,4088.85